timestamp,message
2026-08-08T00:15:46Z,Unknown biometric PIN rejected: 18
2026-08-08T00:15:31Z,Unknown biometric PIN rejected: 12
2026-08-08T00:15:09Z,Unknown biometric PIN rejected: 25
2026-08-08T00:14:23Z,Unknown biometric PIN rejected: 13
2026-08-08T00:13:45Z,Unknown biometric PIN rejected: 29
2026-08-08T00:13:13Z,25:M 08 Aug 2026 07:13:13.518 * Background saving terminated with success
2026-08-08T00:13:13Z,"3948:C 08 Aug 2026 07:13:13.421 * Fork CoW for RDB: current 0 MB, peak 0 MB, average 0 MB"
2026-08-08T00:13:13Z,3948:C 08 Aug 2026 07:13:13.421 * DB saved on disk
2026-08-08T00:13:13Z,"3948:C 08 Aug 2026 07:13:13.419 * BGSAVE done, 2 keys saved, 0 keys skipped, 221 bytes written."
2026-08-08T00:13:13Z,25:M 08 Aug 2026 07:13:13.418 * Background saving started by pid 3948
2026-08-08T00:13:13Z,25:M 08 Aug 2026 07:13:13.418 * 100 changes in 300 seconds. Saving...
2026-08-08T00:10:35Z,Unknown biometric PIN rejected: 14
2026-08-08T00:08:32Z,Unknown biometric PIN rejected: 17
2026-08-08T00:08:27Z,Unknown biometric PIN rejected: 16
2026-08-08T00:07:56Z,Unknown biometric PIN rejected: 28
2026-08-08T00:07:39Z,Unknown biometric PIN rejected: 33
2026-08-08T00:07:05Z,Unknown biometric PIN rejected: 27
2026-08-08T00:03:05Z,Unknown biometric PIN rejected: 29
